Business Name,Category,City,Address,Phone,Source
IMPRESARIO ENTERTAINMENT & HOSPITALITY PRIVATE LIMITED,Restaurant,Mumbai,"Nagpada, Mumbai, 400008",08048104267,Sulekha
Alamgir Restaurant,Restaurant,Mumbai,"Mazgaon, Mumbai, 400010",,Sulekha
Subway,Restaurant,Mumbai,"Goregaon East, Mumbai, 400063",,Sulekha
Delhi Darbar,Restaurant,Mumbai,"Grant Road, Mumbai, 400007",,Sulekha
Jai Jawan,Restaurant,Mumbai,"Bandra West, Mumbai, 400050",,Sulekha
Cafe Coffee Day,Restaurant,Mumbai,"Bandra West, Mumbai, 400050",,Sulekha
5 The Restaurant,Restaurant,Mumbai,"Santacruz West, Mumbai, 400054",,Sulekha
Prems Chinese Restaurant,Restaurant,Mumbai,"Malad West, Mumbai, 400064",,Sulekha
Galaxy Snacks,Restaurant,Mumbai,"Fort, Mumbai, 400001",,Sulekha
Maharaja Bhob,Restaurant,Mumbai,"Malad West, Mumbai, 400064",,Sulekha
Pizza Casa,Restaurant,Mumbai,"Versova, Mumbai, 400061",,Sulekha
McDonald's,Restaurant,Mumbai,"Arya Nagar, Mumbai, 400034",,Sulekha
Subway,Restaurant,Mumbai,"Bandra East, Mumbai, 400051",,Sulekha
Elco Pani Puri Centre,Restaurant,Mumbai,"Bandra West, Mumbai, 400050",,Sulekha
Pizzaway,Restaurant,Mumbai,"Andheri East, Mumbai, 400099",,Sulekha
Murali Hotel,Restaurant,Mumbai,"Powai, Mumbai, 400076",,Sulekha
Raju Kabab Restaurant,Restaurant,Mumbai,"Andheri West, Mumbai, 400053",,Sulekha
Downtown Dhaba,Restaurant,Mumbai,"Prabhadevi, Mumbai, 400025",,Sulekha
Ginger Marie,Restaurant,Mumbai,"Andheri West, Mumbai, 400058",,Sulekha
Cafe Coffee Day,Restaurant,Mumbai,"Bandra East, Mumbai, 400051",,Sulekha
Airport Restaurant & Fast Food,Restaurant,Mumbai,"Andheri East, Mumbai, 400099",,Sulekha
Raju's Malwani Corner,Restaurant,Mumbai,"Dadar West, Mumbai, 400028",,Sulekha
Adelkars Kitchen,Restaurant,Mumbai,"Goregaon West, Mumbai, 400062",,Sulekha
Poonam Kapur's Juices for Life,Restaurant,Mumbai,"Andheri West, Mumbai, 400053",,Sulekha
Suyog Malvani Hotel,Restaurant,Mumbai,"Andheri East, Mumbai, 400069",,Sulekha
Kandahar,Restaurant,Mumbai,"Nariman Point, Mumbai, 400021",,Sulekha
Chill & Cool,Restaurant,Mumbai,"Mahim, Mumbai, 140016",,Sulekha
Pacific stationers,Restaurant,Mumbai,"Lower Parel West, Mumbai, 400013",,Sulekha
Milaap Services,Restaurant,Mumbai,"Sanpada, Mumbai, 400705",,Sulekha
Awaywegoo,Restaurant,Mumbai,"Andheri East, Mumbai, 400069",,Sulekha
Adis Restaurants,Restaurant,Mumbai,"Bandra West, Mumbai, 400050",,Sulekha
Naturals Ice-Cream Parlour,Restaurant,Mumbai,"Andheri West, Mumbai, 400058",,Sulekha
Amar Juice Centre,Restaurant,Mumbai,"I.R.L.A., Mumbai, 400056",,Sulekha
Gaylord Restaurant,Restaurant,Mumbai,"Churchgate, Mumbai, 400020",,Sulekha
Barbeque Nation,Restaurant,Mumbai,"Bandra West, Mumbai, 400050",,Sulekha
5 Spice Restaurant,Restaurant,Mumbai,"Bandra West, Mumbai, 400050",,Sulekha
Pizza Hut,Restaurant,Mumbai,"Powai, Mumbai, 400076",,Sulekha
Fat Kong,Restaurant,Mumbai,"Vile Parle West, Mumbai, 400056",,Sulekha
Relish Restaurant,Restaurant,Mumbai,"Nariman Point, Mumbai, 400021",,Sulekha
Revival Restaurant,Restaurant,Mumbai,"Charni Road, Mumbai, 400002",,Sulekha
Swagath Restaurants,Restaurant,Mumbai,"Parel, Mumbai, 400012",,Sulekha
Woodside Inn,Restaurant,Mumbai,"Colaba, Mumbai, 400005",,Sulekha
Haji Ali Juice Centre,Restaurant,Mumbai,"Haji Ali, Mumbai, 400026",,Sulekha
Cafe Mondegar Restaurant,Restaurant,Mumbai,"Colaba, Mumbai, 400005",,Sulekha
Koyla,Restaurant,Mumbai,"Colaba, Mumbai, 400005",,Sulekha
Sardar Pav Bhaji,Restaurant,Mumbai,"Bane Compound, Mumbai, 400034",,Sulekha
Status Restaurant,Restaurant,Mumbai,"Nariman Point, Mumbai, 400021",,Sulekha
Banana Leaf,Restaurant,Mumbai,"Andheri West, Mumbai, 400053",,Sulekha
Hukka N Tikka,Restaurant,Mumbai,"Bandra West, Mumbai, 400050",,Sulekha
Subway,Restaurant,Mumbai,"Andheri East, Mumbai, 400069",,Sulekha
Oven Fresh,Restaurant,Mumbai,"Dadar East, Mumbai, 400028",,Sulekha
Jaffer Bhai's Delhi Darbar,Restaurant,Mumbai,"Kalbadevi, Mumbai, 400002",,Sulekha
Bombay Blues,Restaurant,Mumbai,"Chakala, Mumbai, 400093",,Sulekha
Banana Leaf,Restaurant,Mumbai,"Andheri West, Mumbai, 400053",,Sulekha
Cafe Basilico Bistro & Deli,Restaurant,Mumbai,"Bandra West, Mumbai, 400050",,Sulekha
Cafe Coffee Day,Restaurant,Mumbai,"Khar West, Mumbai, 400052",,Sulekha
Fountain Sizzler,Restaurant,Mumbai,"Fort, Mumbai, 400023",,Sulekha
Hukka N Tikka,Restaurant,Mumbai,"Bandra West, Mumbai, 400050",,Sulekha
Subway,Restaurant,Mumbai,"Andheri East, Mumbai, 400069",,Sulekha
Yoko Sizzlers,Restaurant,Mumbai,"Andheri West, Mumbai, 400058",,Sulekha
Domino's Pizza,Restaurant,Mumbai,"Versova, Mumbai, 400061",,Sulekha
Pizza By The Way,Restaurant,Mumbai,"Churchgate, Mumbai, 400020",,Sulekha
Bade Miya,Restaurant,Mumbai,"Colaba, Mumbai, 400005",,Sulekha
Barista,Restaurant,Mumbai,"Colaba, Mumbai, 400005",,Sulekha
Himalaya,Restaurant,Mumbai,"Sion, Mumbai, 400022",,Sulekha
On The Platter Restaurant,Restaurant,Mumbai,"Vile Parle West, Mumbai, 400049",,Sulekha
Taath Restaurant,Restaurant,Mumbai,"Nerul, Mumbai, 400706",,Sulekha
Salt Water Cafe,Restaurant,Mumbai,"Churchgate, Mumbai, 400020",,Sulekha
Pizza Hut,Restaurant,Mumbai,"Thane West, Mumbai, 400601",,Sulekha
Aromas of China,Restaurant,Mumbai,"Andheri West, Mumbai, 400058",,Sulekha
Recipe Restaurants,Restaurant,Mumbai,"Vile Parle East, Mumbai, 400057",,Sulekha
Aromas of China,Restaurant,Mumbai,"Andheri West, Mumbai, 400058",,Sulekha
Domino's Pizza,Restaurant,Mumbai,"Powai, Mumbai, 400076",,Sulekha
Himalaya,Restaurant,Mumbai,"Sion, Mumbai, 400022",,Sulekha
Dynasty Chinese Restaurant,Restaurant,Mumbai,"Santacruz West, Mumbai, 400054",,Sulekha
Delhi Darbar,Restaurant,Mumbai,"Colaba, Mumbai, 400039",,Sulekha
Khichdi Samrat,Restaurant,Mumbai,"Girgaon, Mumbai, 400004",,Sulekha
Golden Star Restaurant,Restaurant,Mumbai,"Charni Road, Mumbai, 400004",,Sulekha
McDonald's,Restaurant,Mumbai,"Khar West, Mumbai, 400052",,Sulekha
Lemon Grass Cafe,Restaurant,Mumbai,"Bandra West, Mumbai, 400050",,Sulekha
Panchavati Gaurav,Restaurant,Mumbai,"Marine Lines, Mumbai, 400020",,Sulekha
Sahibaan Sizzlers,Restaurant,Mumbai,"Bandra West, Mumbai, 400050",,Sulekha
Domino's Pizza,Restaurant,Mumbai,"Sion, Mumbai, 400022",,Sulekha
McDonald's,Restaurant,Mumbai,"Khar West, Mumbai, 400052",,Sulekha
Dynasty Chinese Restaurant,Restaurant,Mumbai,"Santacruz West, Mumbai, 400054",,Sulekha
Cafe Madras,Restaurant,Mumbai,"Matunga, Mumbai, 400019",,Sulekha
Gajalee Coastal Food,Restaurant,Mumbai,"Vile Parle East, Mumbai, 400057",,Sulekha
Khichdi Samrat,Restaurant,Mumbai,"Girgaon, Mumbai, 400004",,Sulekha
Lemon Grass Cafe,Restaurant,Mumbai,"Bandra West, Mumbai, 400050",,Sulekha
Shiv Sagar Restaurant & Bar,Restaurant,Mumbai,"Churchgate, Mumbai, 400020",,Sulekha
Dosa Plaza,Restaurant,Mumbai,"Navi Mumbai, Mumbai, 400705",,Sulekha
Patel,Restaurant,Mumbai,"Mandvi, Mumbai, 400003",,Sulekha
Classic Chinese,Restaurant,Mumbai,"Andheri West, Mumbai, 400058",,Sulekha
Food Plaza,Restaurant,Mumbai,"Colaba, Mumbai, 400005",,Sulekha
Fountain Inn Restaurant,Restaurant,Mumbai,"Fort, Mumbai, 400001",,Sulekha
Garden Court Restaurant,Restaurant,Mumbai,"Malad West, Mumbai, 400095",,Sulekha
Grapeviine,Restaurant,Mumbai,"Delisle Road, Mumbai, 400013",,Sulekha
Great Punjab Restaurant & Bar,Restaurant,Mumbai,"Dadar East, Mumbai, 400014",,Sulekha
Sushegad Gomantak,Restaurant,Mumbai,"Mahim, Mumbai, 400016",,Sulekha
White - The Italian Restaurant,Restaurant,Mumbai,"Goregaon West, Mumbai, 400063",,Sulekha
Behzad Restaurant,Restaurant,Mumbai,"Jacob Circle, Mumbai, 400011",,Sulekha
Patel,Restaurant,Mumbai,"Mandvi, Mumbai, 400003",,Sulekha
Classic Chinese,Restaurant,Mumbai,"Andheri West, Mumbai, 400058",,Sulekha
Food Plaza,Restaurant,Mumbai,"Colaba, Mumbai, 400005",,Sulekha
Fountain Inn Restaurant,Restaurant,Mumbai,"Fort, Mumbai, 400001",,Sulekha
Sheesha,Restaurant,Mumbai,"Bandra West, Mumbai, 400050",,Sulekha
Sushegad Gomantak,Restaurant,Mumbai,"Mahim, Mumbai, 400016",,Sulekha
White - The Italian Restaurant,Restaurant,Mumbai,"Goregaon West, Mumbai, 400063",,Sulekha
Aishwarya Restaurant & Bar,Restaurant,Mumbai,"Chembur, Mumbai, 400071",,Sulekha
Balwas Restaurant,Restaurant,Mumbai,"Marine Lines, Mumbai, 400020",,Sulekha
China Garden,Restaurant,Mumbai,"Malabar Hill, Mumbai, 400036",,Sulekha
Dosa Plaza,Restaurant,Mumbai,"Navi Mumbai, Mumbai, 400705",,Sulekha
Patel,Restaurant,Mumbai,"Mandvi, Mumbai, 400003",,Sulekha
Bombay Blue,Restaurant,Mumbai,"Fort, Mumbai, 400023",,Sulekha
Classic Chinese,Restaurant,Mumbai,"Andheri West, Mumbai, 400058",,Sulekha
Diva Maharashtracha,Restaurant,Mumbai,"Mahim, Mumbai, 400016",,Sulekha
Pizza Hut,Restaurant,Mumbai,"Ghodbunder, Mumbai, 400601",,Sulekha
Sheesha,Restaurant,Mumbai,"Bandra West, Mumbai, 400050",,Sulekha
Sushegad Gomantak,Restaurant,Mumbai,"Mahim, Mumbai, 400016",,Sulekha
Aishwarya Restaurant & Bar,Restaurant,Mumbai,"Chembur, Mumbai, 400071",,Sulekha
Baskin Robbins,Restaurant,Mumbai,"Nariman Point, Mumbai, 400021",,Sulekha
Patel,Restaurant,Mumbai,"Mandvi, Mumbai, 400003",,Sulekha
Pop Tate's Restaurant,Restaurant,Mumbai,"Andheri West, Mumbai, 400053",,Sulekha
Chinese Garden,Restaurant,Mumbai,"Dadar West, Mumbai, 400028",,Sulekha
McDonald's,Restaurant,Mumbai,"Mumbai Central, Mumbai, 400008",,Sulekha
Barista,Restaurant,Mumbai,"Chembur, Mumbai, 400071",,Sulekha
Bhagat Tarachand,Restaurant,Mumbai,"Vashi, Mumbai, 400703",,Sulekha
Bombay Blue,Restaurant,Mumbai,"Fort, Mumbai, 400023",,Sulekha
Sheesha,Restaurant,Mumbai,"Bandra West, Mumbai, 400050",,Sulekha
Sushegad Gomantak,Restaurant,Mumbai,"Mahim, Mumbai, 400016",,Sulekha
Alibaba's Klay Oven Restaurant,Restaurant,Mumbai,"Fort, Mumbai, 400001",,Sulekha
Vishwas Sweet & Bhelpuri House,Restaurant,Mumbai,"Goregaon West, Mumbai, 400062",,Sulekha
Sukh Sagar Restaurant,Restaurant,Mumbai,"Girgaon, Mumbai, 400007",,Sulekha
Udipi Refreshment,Restaurant,Mumbai,"Prabhadevi, Mumbai, 400025",,Sulekha
Mandrin Icecream Parlour,Restaurant,Mumbai,"Mulund East, Mumbai, 400081",,Sulekha
Pishu's Drinks,Restaurant,Mumbai,"Andheri West, Mumbai, 400053",,Sulekha
Pizza Hut,Restaurant,Mumbai,"Mulund West, Mumbai, 400080",,Sulekha
Royal China,Restaurant,Mumbai,"Bandra West, Mumbai, 400050",,Sulekha
Sagar Dining Hall,Restaurant,Mumbai,"Borivali, Mumbai, 400092",,Sulekha
Subway,Restaurant,Mumbai,"Bandra West, Mumbai, 400050",,Sulekha
Hotel Rajdhani,Restaurant,Mumbai,"Chembur, Mumbai, 400089",,Sulekha
Vishwas Sweet & Bhelpuri House,Restaurant,Mumbai,"Goregaon West, Mumbai, 400062",,Sulekha
Udipi Refreshment,Restaurant,Mumbai,"Prabhadevi, Mumbai, 400025",,Sulekha
Wasabi by Morimoto,Restaurant,Mumbai,"Fort, Mumbai, 400001",,Sulekha
Golden City Chinese Restaurant,Restaurant,Mumbai,"Kandivali East, Mumbai, 400101",,Sulekha
Ayub's,Restaurant,Mumbai,"Colaba, Mumbai, 400023",,Sulekha
Nawab Saheb,Restaurant,Mumbai,"Powai, Mumbai, 400087",,Sulekha
Pizza Hut,Restaurant,Mumbai,"Khar West, Mumbai, 400052",,Sulekha
Pizza Hut,Restaurant,Mumbai,"Mulund West, Mumbai, 400080",,Sulekha
Subway,Restaurant,Mumbai,"Bandra West, Mumbai, 400050",,Sulekha
Hotel Rajdhani,Restaurant,Mumbai,"Chembur, Mumbai, 400089",,Sulekha
Mirchi Restaurant,Restaurant,Mumbai,"Panvel, Mumbai, 410218",,Sulekha
Golden City Chinese Restaurant,Restaurant,Mumbai,"Kandivali East, Mumbai, 400101",,Sulekha
Ayub's,Restaurant,Mumbai,"Colaba, Mumbai, 400023",,Sulekha
Jumbo King,Restaurant,Mumbai,"Andheri East, Mumbai, 400069",,Sulekha
Kailash Parbat Hindu Hotel,Restaurant,Mumbai,"Colaba, Mumbai, 400005",,Sulekha
Kobe Sizzlers,Restaurant,Mumbai,"Andheri East, Mumbai, 400059",,Sulekha
Mayur Restaurant,Restaurant,Mumbai,"Santacruz West, Mumbai, 400054",,Sulekha
Mumbai Times Cafe,Restaurant,Mumbai,"Thane, Mumbai, 400601",,Sulekha
Nawab Saheb,Restaurant,Mumbai,"Powai, Mumbai, 400087",,Sulekha
Ambience Hotel,Restaurant,Mumbai,"Lower Parel West, Mumbai, 400013",,Sulekha
Mirchi Restaurant,Restaurant,Mumbai,"Panvel, Mumbai, 410218",,Sulekha
Wasabi by Morimoto,Restaurant,Mumbai,"Fort, Mumbai, 400001",,Sulekha
Golden City Chinese Restaurant,Restaurant,Mumbai,"Kandivali East, Mumbai, 400101",,Sulekha
Cafe Coffee Day,Restaurant,Mumbai,"Kalbadevi, Mumbai, 400002",,Sulekha
Urban Tadka Restaurant,Restaurant,Mumbai,"Sakinaka, Mumbai, 400072",,Sulekha
Kailash Parbat Hindu Hotel,Restaurant,Mumbai,"Colaba, Mumbai, 400005",,Sulekha
Khasiyat Paratha House,Restaurant,Mumbai,"Vile Parle West, Mumbai, 400056",,Sulekha
Kobe Sizzlers,Restaurant,Mumbai,"Andheri East, Mumbai, 400059",,Sulekha
Sagar Dining Hall,Restaurant,Mumbai,"Borivali, Mumbai, 400092",,Sulekha
Borivali Biryani Centre,Restaurant,Mumbai,"Borivali West, Mumbai, 400092",,Sulekha
Hotel Rajdhani,Restaurant,Mumbai,"Chembur, Mumbai, 400089",,Sulekha
Pizzeria & Pasta Bar,Restaurant,Mumbai,"Versova, Mumbai, 400061",,Sulekha
Mandrin Icecream Parlour,Restaurant,Mumbai,"Mulund East, Mumbai, 400081",,Sulekha
Wasabi by Morimoto,Restaurant,Mumbai,"Fort, Mumbai, 400001",,Sulekha
Golden City Chinese Restaurant,Restaurant,Mumbai,"Kandivali East, Mumbai, 400101",,Sulekha
Greens,Restaurant,Mumbai,"Malad West, Mumbai, 400064",,Sulekha
Jumbo King,Restaurant,Mumbai,"Andheri East, Mumbai, 400069",,Sulekha
Kailash Parbat Hindu Hotel,Restaurant,Mumbai,"Colaba, Mumbai, 400005",,Sulekha
Mumbai Times Cafe,Restaurant,Mumbai,"Thane, Mumbai, 400601",,Sulekha
Urban Tadka Restaurant,Restaurant,Mumbai,"Sakinaka, Mumbai, 400072",,Sulekha
Kambala Hospitality,Restaurant,Mumbai,"Kandivali West, Mumbai, 400067",,Sulekha
Golden City Chinese Restaurant,Restaurant,Mumbai,"Kandivali East, Mumbai, 400101",,Sulekha
Cafe Coffee Day,Restaurant,Mumbai,"Mulund West, Mumbai, 400080",,Sulekha
Domino's Pizza,Restaurant,Mumbai,"Andheri East, Mumbai, 400093",,Sulekha
Greens,Restaurant,Mumbai,"Malad West, Mumbai, 400064",,Sulekha
Ruchir Family Restaurant & Bar,Restaurant,Mumbai,"Kopar Khairane, Mumbai, 400705",,Sulekha
Sip-N-Dine,Restaurant,Mumbai,"Sion, Mumbai, 400022",,Sulekha
Hotel Sai Pooja,Restaurant,Mumbai,"Fort, Mumbai, 400001",,Sulekha
Ambrosia Family Restaurant,Restaurant,Mumbai,"Thane West, Mumbai, 400607",,Sulekha
Jaffer Bhai's Delhi Darbar,Restaurant,Mumbai,"Mahim West, Mumbai, 400016",,Sulekha
Domino's Pizza,Restaurant,Mumbai,"Malad West, Mumbai, 400064",,Sulekha
Vijay Punjab Bar & Restaurant,Restaurant,Mumbai,"Bhayander East, Mumbai, 401105",,Sulekha
Cream Castle,Restaurant,Mumbai,"Vashi, Mumbai, 400703",,Sulekha
Centuar Hotel,Restaurant,Mumbai,"Juhu, Mumbai, 400049",,Sulekha
Little Italy Bar & Restaurant,Restaurant,Mumbai,"Juhu, Mumbai, 400049",,Sulekha
Manisha Chinese Corner,Restaurant,Mumbai,"Chembur, Mumbai, 400089",,Sulekha
Sahara Hotel,Restaurant,Mumbai,"Bandra East, Mumbai, 400051",,Sulekha
Cafe Ideal,Restaurant,Mumbai,"Ghatkopar West, Mumbai, 400007",,Sulekha
Cascades - Around The World Cuisine,Restaurant,Mumbai,"Kandivali East, Mumbai, 400101",,Sulekha
Churchgate Stores & Restaurant,Restaurant,Mumbai,"Marine Lines, Mumbai, 400020",,Sulekha
Cafe Rahmaniya Hotel,Restaurant,Mumbai,"Kalbadevi, Mumbai, 400002",,Sulekha
Cream Castle,Restaurant,Mumbai,"Vashi, Mumbai, 400703",,Sulekha
Ming Chinese Restaurant,Restaurant,Mumbai,"Mahim, Mumbai, 400016",,Sulekha
Only Parathas,Restaurant,Mumbai,"Tilak Nagar, Mumbai, 400089",,Sulekha
Rajasthan Restaurant,Restaurant,Mumbai,"Khar West, Mumbai, 400052",,Sulekha
Manisha Chinese Corner,Restaurant,Mumbai,"Chembur, Mumbai, 400089",,Sulekha
Sahara Hotel,Restaurant,Mumbai,"Bandra East, Mumbai, 400051",,Sulekha
Cascades - Around The World Cuisine,Restaurant,Mumbai,"Kandivali East, Mumbai, 400101",,Sulekha
Cream Centre,Restaurant,Mumbai,"Ghatkopar East, Mumbai, 400077",,Sulekha
EVOLUTION OF MOVEMENT,Gym,Mumbai,"Colaba, Mumbai, 400005",,Sulekha
Shivaaya,Gym,Mumbai,"Worli, Mumbai, 400018",,Sulekha
Pacific stationers,Gym,Mumbai,"Lower Parel West, Mumbai, 400013",,Sulekha
GURUKRUPA PLACEMENT & EDUCATION SOLUTIONS PVT LTD,Gym,Mumbai,"Gorai, Mumbai, 400092",,Sulekha
Body Attitude Fitness Studio,Gym,Mumbai,"Malad West, Mumbai, 400064",,Sulekha
10 The Health Spa,Gym,Mumbai,"Bandra West, Mumbai, 400050",,Sulekha
Fitness First India Pvt. Ltd.,Gym,Mumbai,"Andheri West, Mumbai, 400102",,Sulekha
AUM Body Toning Studio,Gym,Mumbai,"Wadala West, Mumbai, 400031",,Sulekha
Golds Gym,Gym,Mumbai,"Bandra West, Mumbai, 400050",,Sulekha
Talwalkars Gym,Gym,Mumbai,"Wadala West, Mumbai, 400031",,Sulekha
48 Fitness,Gym,Mumbai,"Andheri West, Mumbai, 400053",,Sulekha
AUM Body Toning Studio,Gym,Mumbai,"Wadala West, Mumbai, 400031",,Sulekha
Talwalkars Gym,Gym,Mumbai,"Wadala West, Mumbai, 400031",,Sulekha
Body Attitude Fitness Studio,Gym,Mumbai,"Malad West, Mumbai, 400064",,Sulekha
Fitness First India Pvt. Ltd.,Gym,Mumbai,"Andheri West, Mumbai, 400102",,Sulekha
Sher,Gym,Mumbai,"Andheri East, Mumbai, 400059",,Sulekha
Abhinav Health Care Products,Gym,Mumbai,"Motilal Nagar, Mumbai, 400104",,Sulekha
Maharshi Slimming & Ayurved Clinic,Gym,Mumbai,"Kandivali East, Mumbai, 400101",,Sulekha
Golds Gym,Gym,Mumbai,"Delisle Road, Mumbai, 400013",,Sulekha
Traditional Massage Weight Reduction Clinic,Gym,Mumbai,"Govandi, Mumbai, 400088",,Sulekha
Sher,Gym,Mumbai,"Andheri East, Mumbai, 400059",,Sulekha
Brishil Fitness & Gym,Gym,Mumbai,"Goregaon West, Mumbai, 400062",,Sulekha
Traditional Massage Weight Reduction Clinic,Gym,Mumbai,"Govandi, Mumbai, 400088",,Sulekha
Talwalkars,Gym,Mumbai,"Warden Road, Mumbai, 400036",,Sulekha
Fitwell Fitness Centre,Gym,Mumbai,"Colaba, Mumbai, 400039",,Sulekha
Maharshi Slimming & Ayurved Clinic,Gym,Mumbai,"Kandivali East, Mumbai, 400101",,Sulekha
Fitness World,Gym,Mumbai,"Ghatkopar West, Mumbai, 400086",,Sulekha
Talwalkars Gym,Gym,Mumbai,"Juhu, Mumbai, 400058",,Sulekha
Gym California,Gym,Mumbai,"Santacruz East, Mumbai, 400055",,Sulekha
Planet Health,Gym,Mumbai,"Andheri East, Mumbai, 400069",,Sulekha
Mercury Gym & Fitness Centre,Gym,Mumbai,"Goregaon West, Mumbai, 400062",,Sulekha
Mind & Body,Gym,Mumbai,"Andheri East, Mumbai, 400069",,Sulekha
Talwalkars,Gym,Mumbai,"Mahim, Mumbai, 400016",,Sulekha
Kaizzad Capadias Kii Academy for Fitness,Gym,Mumbai,"Santacruz East, Mumbai, 400055",,Sulekha
Body Scape,Gym,Mumbai,"Goregaon West, Mumbai, 400062",,Sulekha
Willingdon Catholic Gymkhana,Gym,Mumbai,"Santacruz West, Mumbai, 400054",,Sulekha
Barbarian Power Gym,Gym,Mumbai,"Azad Nagar, Mumbai, 400053",,Sulekha
Peoples Gym,Gym,Mumbai,"Malad West, Mumbai, 400064",,Sulekha
Fitness,Gym,Mumbai,"Colaba, Mumbai, 400005",,Sulekha
Fitness Unlimited,Gym,Mumbai,"Sion, Mumbai, 400022",,Sulekha
Waves gym,Gym,Mumbai,"Andheri West, Mumbai, 400053",,Sulekha
Barbarian Power Gym,Gym,Mumbai,"Azad Nagar, Mumbai, 400053",,Sulekha
Banas Slimnasium,Gym,Mumbai,"Andheri West, Mumbai, 400058",,Sulekha
Figure In,Gym,Mumbai,"Vile Parle East, Mumbai, 400057",,Sulekha
Willingdon Catholic Gymkhana,Gym,Mumbai,"Santacruz West, Mumbai, 400054",,Sulekha
Talwalkars,Gym,Mumbai,"Vashi, Mumbai, 400705",,Sulekha
Body Angle Fitness Zone,Gym,Mumbai,"Kamothe, Mumbai, 410209",,Sulekha
Aerobic Centre,Gym,Mumbai,"Vile Parle West, Mumbai, 400056",,Sulekha
Cloud 9 Fitness Centre,Gym,Mumbai,"Dadar East, Mumbai, 400014",,Sulekha
Pratikshaa Yoga Classes,Gym,Mumbai,"Santacruz East, Mumbai, 400055",,Sulekha
Om Enterprise,Gym,Mumbai,"Dadar West, Mumbai, 400025",,Sulekha
Massage Service At Home (Male To Female),Gym,Mumbai,"Matunga, Mumbai, 400019",,Sulekha
Step - N - Dance Fitness Hub,Gym,Mumbai,"Andheri East, Mumbai, 400069",,Sulekha
K Fitness,Gym,Mumbai,"Andheri East, Mumbai, 400093",,Sulekha
Your Fitness Club,Gym,Mumbai,"Borivali West, Mumbai, 400092",,Sulekha
Talwalkars Gym,Gym,Mumbai,"Andheri East, Mumbai, 400059",,Sulekha
bfs,Gym,Mumbai,"Bhayander West, Mumbai, 401101",,Sulekha
Talwalkars Nuform,Gym,Mumbai,"Vile Parle East, Mumbai, 400057",,Sulekha
Rassaz Health Club,Gym,Mumbai,"Mira Road, Mumbai, 401107",,Sulekha
Nitro Sports & Fitness Centre,Gym,Mumbai,"Thane East, Mumbai, 400603",,Sulekha
Nitro Sports & Fitness Centre,Gym,Mumbai,"Thane East, Mumbai, 400603",,Sulekha
Your Fitness Club,Gym,Mumbai,"Borivali West, Mumbai, 400092",,Sulekha
bfs,Gym,Mumbai,"Bhayander West, Mumbai, 401101",,Sulekha
Talwalkars Nuform,Gym,Mumbai,"Vile Parle East, Mumbai, 400057",,Sulekha
Rassaz Health Club,Gym,Mumbai,"Mira Road, Mumbai, 401107",,Sulekha
Elite Fitness,Gym,Mumbai,"Girgaon, Mumbai, 400007",,Sulekha
Fitness World,Gym,Mumbai,"Ulhasnagar, Mumbai, 421004",,Sulekha
Image Fitness Club,Gym,Mumbai,"Navi Mumbai, Mumbai, 400614",,Sulekha
Bharat Vyam Shala,Gym,Mumbai,"Mazgaon, Mumbai, 400010",,Sulekha
Polygon Gym & Fitness Studio,Gym,Mumbai,"Thane West, Mumbai, 401101",,Sulekha
Power House Gym,Gym,Mumbai,"Malad West, Mumbai, 400103",,Sulekha
Talwalkars Gym,Gym,Mumbai,"Bandra West, Mumbai, 400050",,Sulekha
Talwalkars,Gym,Mumbai,"Bhayander West, Mumbai, 401101",,Sulekha
Size Wise - The Exercise Studio,Gym,Mumbai,"Santacruz West, Mumbai, 400054",,Sulekha
Maxx Fitness Management Pvt. Ltd.,Gym,Mumbai,"Ghatkopar West, Mumbai, 400086",,Sulekha
Muscle & Mind,Gym,Mumbai,"Colaba, Mumbai, 400005",,Sulekha
Fitness World,Gym,Mumbai,"Ulhasnagar, Mumbai, 421004",,Sulekha
Body Line Fitness Centre,Gym,Mumbai,"Mulund East, Mumbai, 400081",,Sulekha
Fit 2 Trim,Gym,Mumbai,"Mazgaon, Mumbai, 400010",,Sulekha
Freelance Fitness Trainers,Gym,Mumbai,"Kandivali West, Mumbai, 400067",,Sulekha
Celebration Sports Club,Gym,Mumbai,"Andheri West, Mumbai, 400053",,Sulekha
Intensity Gym & Spa,Gym,Mumbai,"Khar West, Mumbai, 400052",,Sulekha
Vistaa Health Spa,Gym,Mumbai,"Vasai East, Mumbai, 401208",,Sulekha
YMCA,Gym,Mumbai,"Agripada, Mumbai, 400011",,Sulekha
Sweat Zone,Gym,Mumbai,"Andheri East, Mumbai, 400069",,Sulekha
Lucky,Gym,Mumbai,"Colaba, Mumbai, 400005",,Sulekha
Ritu Shah Xer Size,Gym,Mumbai,"Vile Parle West, Mumbai, 400056",,Sulekha
Beyond Fitness,Gym,Mumbai,"Borivali West, Mumbai, 400092",,Sulekha
Size Wise - The Exercise Studio,Gym,Mumbai,"Santacruz West, Mumbai, 400054",,Sulekha
Maxx Fitness Management Pvt. Ltd.,Gym,Mumbai,"Ghatkopar West, Mumbai, 400086",,Sulekha
Polygon Gym & Fitness Studio,Gym,Mumbai,"Thane West, Mumbai, 401101",,Sulekha
Personal Point,Gym,Mumbai,"Azad Nagar, Mumbai, 400053",,Sulekha
Sagar Club India Private Limited,Gym,Mumbai,"Bandra West, Mumbai, 400050",,Sulekha
In-Coach Builders,Gym,Mumbai,"Tagore Nagar, Mumbai, 400083",,Sulekha
Euphoria,Gym,Mumbai,"Kandivali East, Mumbai, 400101",,Sulekha
Fit Kid ' Pure Energy Biokinetik,Gym,Mumbai,"Malabar Hill, Mumbai, 400006",,Sulekha
Fitness Centre,Gym,Mumbai,"Ghatkopar East, Mumbai, 400077",,Sulekha
Anand Mujamdar,Gym,Mumbai,"Juhu, Mumbai, 400049",,Sulekha
Aabsolutely Fit Workout Studio,Gym,Mumbai,"Worli, Mumbai, 400018",,Sulekha
The Health Planet,Gym,Mumbai,"Sewri, Mumbai, 400015",,Sulekha
Talwalkars,Gym,Mumbai,"Dadar West, Mumbai, 400028",,Sulekha
In-Coach Builders,Gym,Mumbai,"Tagore Nagar, Mumbai, 400083",,Sulekha
Parsee Gymkhana,Gym,Mumbai,"Marine Lines, Mumbai, 400002",,Sulekha
Popular House of Cycles of Fitness,Gym,Mumbai,"Thane West, Mumbai, 400607",,Sulekha
R.K. Body Toning Pvt. Ltd.,Gym,Mumbai,"Khar West, Mumbai, 400052",,Sulekha
V3 The Fitness Commune,Gym,Mumbai,"Malad West, Mumbai, 400064",,Sulekha
LM - The Fitness Academy,Gym,Mumbai,"Bandra West, Mumbai, 400051",,Sulekha
James Law Fitness Centre,Gym,Mumbai,"Kopar Khairane, Mumbai, 400709",,Sulekha
Syks Total Fitness,Gym,Mumbai,"Andheri West, Mumbai, 400053",,Sulekha
Jennet,Gym,Mumbai,"Juhu, Mumbai, 400049",,Sulekha
Ghatkopar Jolly Gymkhana,Gym,Mumbai,"Ghatkopar West, Mumbai, 400086",,Sulekha
Parsee Gymkhana,Gym,Mumbai,"Marine Lines, Mumbai, 400002",,Sulekha
Talwalkars,Gym,Mumbai,"Mulund West, Mumbai, 400080",,Sulekha
Welcome Health Care Centre,Gym,Mumbai,"Kandivali West, Mumbai, 400067",,Sulekha
Evolve Fitness Centre,Gym,Mumbai,"Borivali East, Mumbai, 400092",,Sulekha
Genesis Nova Healthcare,Gym,Mumbai,"Mahim, Mumbai, 400016",,Sulekha
Orion Health Club,Gym,Mumbai,"Malad West, Mumbai, 400064",,Sulekha
V3 The Fitness Commune,Gym,Mumbai,"Malad West, Mumbai, 400064",,Sulekha
LM - The Fitness Academy,Gym,Mumbai,"Bandra West, Mumbai, 400051",,Sulekha
Jennet,Gym,Mumbai,"Juhu, Mumbai, 400049",,Sulekha
Bombay Gymkhana Ltd.,Gym,Mumbai,"Fort, Mumbai, 400001",,Sulekha
Islam Gymkhana,Gym,Mumbai,"Marine Lines, Mumbai, 400002",,Sulekha
R.K. Fitness Inc,Gym,Mumbai,"Goregaon East, Mumbai, 400065",,Sulekha
Talwalkars,Gym,Mumbai,"Mulund West, Mumbai, 400080",,Sulekha
Vishal Body Zone,Gym,Mumbai,"Mira Bhayandar, Mumbai, 401107",,Sulekha
Gayo Fitnesse,Gym,Mumbai,"Andheri West, Mumbai, 400053",,Sulekha
Jeevan Rekha Health Care,Gym,Mumbai,"Malad West, Mumbai, 400064",,Sulekha
Nigam Good Health Pvt. Ltd.,Gym,Mumbai,"Azad Nagar, Mumbai, 400053",,Sulekha
Sri Shanmuga Ayurvedic Centre,Gym,Mumbai,"Vashi, Mumbai, 400703",,Sulekha
Welcome Health Care Centre,Gym,Mumbai,"Kandivali West, Mumbai, 400067",,Sulekha
Shape-In Fitness Centre,Gym,Mumbai,"Goregaon East, Mumbai, 400063",,Sulekha
Talwalkars,Gym,Mumbai,"Goregaon West, Mumbai, 400104",,Sulekha
Suvarna Institute,Gym,Mumbai,"Wadala West, Mumbai, 400031",,Sulekha
S. Sanjay Jadhav Fitness Centre,Gym,Mumbai,"Kandivali West, Mumbai, 400067",,Sulekha
Yoga Electronics,Gym,Mumbai,"Fort, Mumbai, 400001",,Sulekha
Cloud 9,Gym,Mumbai,"Santacruz West, Mumbai, 400054",,Sulekha
Feline Adonis Fitness Centre,Gym,Mumbai,"Kandivali West, Mumbai, 400067",,Sulekha
Krishna The Body Temple,Gym,Mumbai,"Juhu, Mumbai, 400049",,Sulekha
Dimension Fitness Centre,Gym,Mumbai,"Govandi, Mumbai, 400088",,Sulekha
Talwalkars,Gym,Mumbai,"Charni Road, Mumbai, 400004",,Sulekha
Appearance Skin & Hair Clinic,Gym,Mumbai,"Azad Nagar, Mumbai, 400053",,Sulekha
Sykz Total Fitness,Gym,Mumbai,"Andheri West, Mumbai, 400053",,Sulekha
Fitness Planet,Gym,Mumbai,"Andheri West, Mumbai, 400058",,Sulekha
Inspiring Healthy Living,Gym,Mumbai,"Motilal Nagar, Mumbai, 400104",,Sulekha
Western Dance and Physical Fitness Studio,Gym,Mumbai,"Azad Nagar, Mumbai, 400053",,Sulekha
The Bombay Andhra Mahhasabha & Gymkhana,Gym,Mumbai,"Dadar East, Mumbai, 400014",,Sulekha
Dadar Parsee Gymkhana,Gym,Mumbai,"Dadar East, Mumbai, 400014",,Sulekha
Cloud 9,Gym,Mumbai,"Santacruz West, Mumbai, 400054",,Sulekha
Feline Adonis Fitness Centre,Gym,Mumbai,"Kandivali West, Mumbai, 400067",,Sulekha
Talwalkars Better Value Fitness Pvt. Ltd.,Gym,Mumbai,"Lower Parel, Mumbai, 400013",,Sulekha
Princess Victoria Mary Gymkhana,Gym,Mumbai,"Nariman Point, Mumbai, 400021",,Sulekha
The Kitchen,Gym,Mumbai,"Worli, Mumbai, 400018",,Sulekha
Pregna International Limited,Gym,Mumbai,"Arya Nagar, Mumbai, 400034",,Sulekha
Inch By Inch,Gym,Mumbai,"Tardeo, Mumbai, 400034",,Sulekha
Health Fitness Solution,Gym,Mumbai,"Chembur, Mumbai, 400071",,Sulekha
Nirvana Gym,Gym,Mumbai,"Nerul, Mumbai, 400706",,Sulekha
Nutrients & Fitness,Gym,Mumbai,"Kandivali, Mumbai, 400067",,Sulekha
Planet Cure Lokhandwala,Gym,Mumbai,"Andheri West, Mumbai, 400069",,Sulekha
Nigam Kapoor Clinic,Gym,Mumbai,"Dahisar East, Mumbai, 400068",,Sulekha
Prime Fitness Consultant,Gym,Mumbai,"Vikhroli, Mumbai, 400079",,Sulekha
Ronnys Gym,Gym,Mumbai,"Kandivali, Mumbai, 400067",,Sulekha
Right Fitness,Gym,Mumbai,"Kandivali, Mumbai, 400067",,Sulekha
Spirit Gym,Gym,Mumbai,"Chembur, Mumbai, 400071",,Sulekha
Power of Yoga,Gym,Mumbai,"Juhu, Mumbai, 400049",,Sulekha
Physic Health,Gym,Mumbai,"Andheri East, Mumbai, 400069",,Sulekha
Prime Energy Fitness,Gym,Mumbai,"Vashi, Mumbai, 400703",,Sulekha
North & West,Gym,Mumbai,"Andheri West, Mumbai, 400069",,Sulekha
Queens Slim Fitness Centre,Gym,Mumbai,"Lalbaug, Mumbai, 400012",,Sulekha
Personnel Trainer Fitness World,Gym,Mumbai,"Mazgaon, Mumbai, 400010",,Sulekha
Power House Health Club,Gym,Mumbai,"Andheri West, Mumbai, 400069",,Sulekha
Mickey Mehta's 360 Degree Gym,Gym,Mumbai,"Malad West, Mumbai, 400064",,Sulekha
Fitness Station,Gym,Mumbai,"Andheri West, Mumbai, 400058",,Sulekha
Fitness Station,Gym,Mumbai,"Andheri West, Mumbai, 400058",,Sulekha
Fizzique Fitness & Health Spa,Gym,Mumbai,"Lower Parel, Mumbai, 400013",,Sulekha
Strate Gym,Gym,Mumbai,"Kalbadevi, Mumbai, 400002",,Sulekha
Renaissance Fitness & Life Style Hub,Gym,Mumbai,"Andheri West, Mumbai, 400069",,Sulekha
Sawratkar Yago Kendra,Gym,Mumbai,"Andheri West, Mumbai, 400069",,Sulekha
Shayona Fitness Centres,Gym,Mumbai,"Borivali East, Mumbai, 400092",,Sulekha
Vickys Gym,Gym,Mumbai,"Kandivali, Mumbai, 400067",,Sulekha
Elite Fitness Centre,Gym,Mumbai,"Nerul, Mumbai, 400706",,Sulekha
Fitnesssmith,Gym,Mumbai,"Vashi, Mumbai, 400703",,Sulekha
Amway Business Owner,Gym,Mumbai,"Tardeo, Mumbai, 400001",,Sulekha
Mickey Mehta's 360 Degree Gym,Gym,Mumbai,"Grant Road, Mumbai, 400007",,Sulekha
Nitins Fitness Blog,Gym,Mumbai,"Kalyan West, Mumbai, 421301",,Sulekha
Golds Gym,Gym,Mumbai,"Andheri West, Mumbai, 400053",,Sulekha
Malad Gymkhana,Gym,Mumbai,"Malad West, Mumbai, 400064",,Sulekha
Sykz Gym,Gym,Mumbai,"Andheri West, Mumbai, 400063",,Sulekha
Fitness Highway,Gym,Mumbai,"Khar West, Mumbai, 400052",,Sulekha
Zeenat Beauty Care,Gym,Mumbai,"Pydhonie, Mumbai, 400003",,Sulekha
Neha’s Nutrifit Clinic,Gym,Mumbai,"Tardeo, Mumbai, 400034",,Sulekha
Nitins Fitness Blog,Gym,Mumbai,"Kalyan West, Mumbai, 421301",,Sulekha
Golds Gym,Gym,Mumbai,"Andheri West, Mumbai, 400053",,Sulekha
Malad Gymkhana,Gym,Mumbai,"Malad West, Mumbai, 400064",,Sulekha
Sykz Gym,Gym,Mumbai,"Andheri West, Mumbai, 400063",,Sulekha
Fitness Highway,Gym,Mumbai,"Khar West, Mumbai, 400052",,Sulekha
Zeenat Beauty Care,Gym,Mumbai,"Pydhonie, Mumbai, 400003",,Sulekha
Neha’s Nutrifit Clinic,Gym,Mumbai,"Tardeo, Mumbai, 400034",,Sulekha
Madhuri Ruia's Integym,Gym,Mumbai,"Colaba, Mumbai, 400039",,Sulekha
Talwalkars,Gym,Mumbai,"Dombivali, Mumbai, 421204",,Sulekha
Power House Gym,Gym,Mumbai,"JVPD Scheme, Mumbai, 400049",,Sulekha
Roshna Riya's Fitness Forever,Gym,Mumbai,"Thane, Mumbai, 400006",,Sulekha
Nitins Fitness Blog,Gym,Mumbai,"Kalyan West, Mumbai, 421301",,Sulekha
Golds Gym,Gym,Mumbai,"Andheri West, Mumbai, 400053",,Sulekha
Malad Gymkhana,Gym,Mumbai,"Malad West, Mumbai, 400064",,Sulekha
Sykz Gym,Gym,Mumbai,"Andheri West, Mumbai, 400063",,Sulekha
Fitness Highway,Gym,Mumbai,"Khar West, Mumbai, 400052",,Sulekha
Zeenat Beauty Care,Gym,Mumbai,"Pydhonie, Mumbai, 400003",,Sulekha
Neha’s Nutrifit Clinic,Gym,Mumbai,"Tardeo, Mumbai, 400034",,Sulekha
Madhuri Ruia's Integym,Gym,Mumbai,"Colaba, Mumbai, 400039",,Sulekha
Gold's Gym,Gym,Mumbai,"Powai, Mumbai, 400001",,Sulekha
Low Price Super Market,Supermarket,Mumbai,"Bhayander West, Mumbai, 401101",,Sulekha
Reliance General Stores,Supermarket,Mumbai,"Powai, Mumbai, 400076",,Sulekha
Hypercity Retail India Ltd.,Supermarket,Mumbai,"Malad West, Mumbai, 400064",,Sulekha
Haiko Supermarket,Supermarket,Mumbai,"Powai, Mumbai, 400076",,Sulekha
Meena Bazar,Supermarket,Mumbai,"Bandra East, Mumbai, 400051",,Sulekha
Nature's Basket Store,Supermarket,Mumbai,"Ghatkopar West, Mumbai, 400086",,Sulekha
Nature's Basket Store,Supermarket,Mumbai,"Churchgate, Mumbai, 400020",,Sulekha
King Plaza,Supermarket,Mumbai,"Colaba, Mumbai, 400005",,Sulekha
Virchand Khimji & Co.,Supermarket,Mumbai,"Navi Mumbai, Mumbai, 400705",,Sulekha
Nandu Supermarket,Supermarket,Mumbai,"Mumbai Central, Mumbai, 400008",,Sulekha
King Plaza,Supermarket,Mumbai,"Colaba, Mumbai, 400005",,Sulekha
Nandu Supermarket,Supermarket,Mumbai,"Mumbai Central, Mumbai, 400008",,Sulekha
Nature's Basket Store,Supermarket,Mumbai,"Ghatkopar West, Mumbai, 400086",,Sulekha
Metro Cash & Carry,Supermarket,Mumbai,"Bhandup West, Mumbai, 400078",,Sulekha
Infiniti Retail Ltd.,Supermarket,Mumbai,"Andheri East, Mumbai, 400093",,Sulekha
Vijaya enterprise,Supermarket,Mumbai,"Chinchpokli East, Mumbai, 400011",,Sulekha
Manish Supermarket,Supermarket,Mumbai,"Prabhadevi, Mumbai, 400025",,Sulekha
Roman Super Market,Supermarket,Mumbai,"Andheri West, Mumbai, 400061",,Sulekha
Save Money Super Market,Supermarket,Mumbai,"Versova, Mumbai, 400061",,Sulekha
Shazaan Supermarket,Supermarket,Mumbai,"Bandra West, Mumbai, 400050",,Sulekha
Krishna Super Market,Supermarket,Mumbai,"Malad West, Mumbai, 400064",,Sulekha
D Mart,Supermarket,Mumbai,"Powai, Mumbai, 400076",,Sulekha
More,Supermarket,Mumbai,"Kharghar, Mumbai, 400611",,Sulekha
Spencer's,Supermarket,Mumbai,"Mulund East, Mumbai, 400081",,Sulekha
Save Money Super Market,Supermarket,Mumbai,"Versova, Mumbai, 400061",,Sulekha
Hari Om Furniture,Supermarket,Mumbai,"Khada Colony, Mumbai, 410206",,Sulekha
Shubham Super Stores,Supermarket,Mumbai,"Andheri West, Mumbai, 400053",,Sulekha
Reliance Fresh Outlet,Supermarket,Mumbai,"Thane, Mumbai, 400601",,Sulekha
Vijay Laxmi Super Market,Supermarket,Mumbai,"Kurla West, Mumbai, 400070",,Sulekha
Spencers Hyper Store,Supermarket,Mumbai,"Kandivali East, Mumbai, 400067",,Sulekha
Trinity Super Market,Supermarket,Mumbai,"Andheri East, Mumbai, 400069",,Sulekha
V.K.S. Super Market,Supermarket,Mumbai,"Andheri East, Mumbai, 400069",,Sulekha
Vaibhav Super Market,Supermarket,Mumbai,"Borivali East, Mumbai, 400092",,Sulekha
Reliance Fresh Outlet,Supermarket,Mumbai,"Thane, Mumbai, 400601",,Sulekha
Rahul Super Market,Supermarket,Mumbai,"Malad East, Mumbai, 400064",,Sulekha
Vijay Laxmi Super Market,Supermarket,Mumbai,"Kurla West, Mumbai, 400070",,Sulekha
Reliance Fresh Outlet,Supermarket,Mumbai,"C.B.D. Belapur, Mumbai, 400612",,Sulekha
Reliance Fresh Outlet,Supermarket,Mumbai,"Bhayander West, Mumbai, 401105",,Sulekha
Reliance Fresh Outlet,Supermarket,Mumbai,"Nerul, Mumbai, 400706",,Sulekha
Reliance Fresh Outlet,Supermarket,Mumbai,"Kandivali, Mumbai, 400067",,Sulekha
Trinity Super Market,Supermarket,Mumbai,"Andheri East, Mumbai, 400069",,Sulekha
Reliance Fresh Outlet,Supermarket,Mumbai,"C.B.D. Belapur, Mumbai, 400612",,Sulekha
Reliance Fresh Outlet,Supermarket,Mumbai,"Bhayander West, Mumbai, 401105",,Sulekha
Reliance Fresh Outlet,Supermarket,Mumbai,"Nerul, Mumbai, 400706",,Sulekha
Reliance Fresh Outlet,Supermarket,Mumbai,"Kandivali, Mumbai, 400067",,Sulekha
Sagar Super Market,Supermarket,Mumbai,"Kandivali, Mumbai, 400067",,Sulekha
Reliance Fresh Outlet,Supermarket,Mumbai,"Dadar, Mumbai, 400028",,Sulekha
Reliance Fresh Outlet,Supermarket,Mumbai,"Thane, Mumbai, 400601",,Sulekha
Welcome Super Market,Supermarket,Mumbai,"Navi Mumbai, Mumbai, 400708",,Sulekha
Spinach Super Market,Supermarket,Mumbai,"Malad East, Mumbai, 400064",,Sulekha
Trinity Super Market,Supermarket,Mumbai,"Andheri East, Mumbai, 400069",,Sulekha
Reliance Fresh Outlet,Supermarket,Mumbai,"C.B.D. Belapur, Mumbai, 400612",,Sulekha
Reliance Fresh Outlet,Supermarket,Mumbai,"Bhayander West, Mumbai, 401105",,Sulekha
Reliance Fresh Outlet,Supermarket,Mumbai,"Nerul, Mumbai, 400706",,Sulekha
Reliance Fresh Outlet,Supermarket,Mumbai,"Kandivali, Mumbai, 400067",,Sulekha
Reliance Fresh Outlet,Supermarket,Mumbai,"Sion, Mumbai, 400022",,Sulekha
Reliance Fresh Outlet,Supermarket,Mumbai,"Virar, Mumbai, 401303",,Sulekha
Omicron,Supermarket,Mumbai,"Santacruz East, Mumbai, 400043",,Sulekha
Pooja Super Market,Supermarket,Mumbai,"Kandivali, Mumbai, 400067",,Sulekha
Nazz Super Market,Supermarket,Mumbai,"Wadala, Mumbai, 400031",,Sulekha
Reliance Fresh Outlet,Supermarket,Mumbai,"Kalbadevi, Mumbai, 400002",,Sulekha
Reliance Fresh Outlet,Supermarket,Mumbai,"Thane, Mumbai, 400601",,Sulekha
Reliance Fresh Outlet,Supermarket,Mumbai,"Tardeo, Mumbai, 400034",,Sulekha
Reliance Fresh Outlet,Supermarket,Mumbai,"C.B.D. Belapur, Mumbai, 400612",,Sulekha
Paresh Supermarket,Supermarket,Mumbai,"Andheri West, Mumbai, 400069",,Sulekha
Om Supermarket,Supermarket,Mumbai,"Andheri East, Mumbai, 400069",,Sulekha
Bhatiya Medical & Supermarket,Supermarket,Mumbai,"Santacruz East, Mumbai, 400043",,Sulekha
Dimple Super Market,Supermarket,Mumbai,"Kandivali, Mumbai, 400067",,Sulekha
Centre Point Super Market,Supermarket,Mumbai,"Tardeo, Mumbai, 400034",,Sulekha
Dhanlaxmi Super Market,Supermarket,Mumbai,"Kurla West, Mumbai, 400070",,Sulekha
Reliance Fresh Outlet,Supermarket,Mumbai,"Kalbadevi, Mumbai, 400002",,Sulekha
Reliance Fresh Outlet,Supermarket,Mumbai,"Thane, Mumbai, 400601",,Sulekha
Bhatiya Medical & Supermarket,Supermarket,Mumbai,"Santacruz East, Mumbai, 400043",,Sulekha
Dimple Super Market,Supermarket,Mumbai,"Kandivali, Mumbai, 400067",,Sulekha
Centre Point Super Market,Supermarket,Mumbai,"Tardeo, Mumbai, 400034",,Sulekha
B.M. Bazaar,Supermarket,Mumbai,"Bandra East, Mumbai, 400040",,Sulekha
Canny Kirana Panvel,Supermarket,Mumbai,"Panvel, Mumbai, 410206",,Sulekha
Canny Kirana Koparkhairane,Supermarket,Mumbai,"Vashi, Mumbai, 400703",,Sulekha
Bombay Bazaar Ltd.,Supermarket,Mumbai,"Kandivali, Mumbai, 400067",,Sulekha
6 Ten Supermarket,Supermarket,Mumbai,"Andheri West, Mumbai, 400069",,Sulekha
Reliance Fresh Outlet,Supermarket,Mumbai,"Kalbadevi, Mumbai, 400002",,Sulekha
Reliance Fresh Outlet,Supermarket,Mumbai,"Thane, Mumbai, 400601",,Sulekha
Bhatiya Medical & Supermarket,Supermarket,Mumbai,"Santacruz East, Mumbai, 400043",,Sulekha
Dimple Super Market,Supermarket,Mumbai,"Kandivali, Mumbai, 400067",,Sulekha
Centre Point Super Market,Supermarket,Mumbai,"Tardeo, Mumbai, 400034",,Sulekha
Bal Krishna Super Market,Supermarket,Mumbai,"Dombivali, Mumbai, 421201",,Sulekha
Apna Bazar Super Market,Supermarket,Mumbai,"Mira Bhayandar, Mumbai, 401105",,Sulekha
Metro Super Market,Supermarket,Mumbai,"Borivali East, Mumbai, 400066",,Sulekha
Ashirwad Super Market,Supermarket,Mumbai,"Kandivali, Mumbai, 400067",,Sulekha
Aap Ki Khatir Super Market,Supermarket,Mumbai,"Andheri West, Mumbai, 400069",,Sulekha
Reliance Fresh Outlet,Supermarket,Mumbai,"Kalbadevi, Mumbai, 400002",,Sulekha
Reliance Fresh Outlet,Supermarket,Mumbai,"Thane, Mumbai, 400601",,Sulekha
Bhatiya Medical & Supermarket,Supermarket,Mumbai,"Santacruz East, Mumbai, 400043",,Sulekha
Dimple Super Market,Supermarket,Mumbai,"Kandivali, Mumbai, 400067",,Sulekha
Centre Point Super Market,Supermarket,Mumbai,"Tardeo, Mumbai, 400034",,Sulekha
Big Bazaar,Supermarket,Mumbai,"Thane West, Mumbai, 400607",,Sulekha
Big Bazaar,Supermarket,Mumbai,"Mumbra, Mumbai, 400612",,Sulekha
Big Bazaar,Supermarket,Mumbai,"Delisle Road, Mumbai, 400013",,Sulekha
KBs FairPrice,Supermarket,Mumbai,"Goregaon West, Mumbai, 400062",,Sulekha
KBs FairPrice,Supermarket,Mumbai,"Goregaon East, Mumbai, 400063",,Sulekha
Reliance Fresh Outlet,Supermarket,Mumbai,"Kalbadevi, Mumbai, 400002",,Sulekha
Bhatiya Medical & Supermarket,Supermarket,Mumbai,"Santacruz East, Mumbai, 400043",,Sulekha
Big Bazaar Best Deals,Supermarket,Mumbai,"Thane, Mumbai, 400604",,Sulekha
KBs FairPrice,Supermarket,Mumbai,"Bhandup West, Mumbai, 400078",,Sulekha
More for You,Supermarket,Mumbai,"Andheri East, Mumbai, 400093",,Sulekha
More for You,Supermarket,Mumbai,"Andheri East, Mumbai, 400072",,Sulekha
More For You,Supermarket,Mumbai,"Delisle Road, Mumbai, 400103",,Sulekha
More For You,Supermarket,Mumbai,"Santacruz East, Mumbai, 400001",,Sulekha
More for You,Supermarket,Mumbai,"Dombivali East, Mumbai, 412201",,Sulekha
Kranti Department Store,Supermarket,Mumbai,"Dombivali West, Mumbai, 421201",,Sulekha
Reliance Fresh Outlet,Supermarket,Mumbai,"Kalbadevi, Mumbai, 400002",,Sulekha
Bhatiya Medical & Supermarket,Supermarket,Mumbai,"Santacruz East, Mumbai, 400043",,Sulekha
Dimple Super Market,Supermarket,Mumbai,"Kandivali, Mumbai, 400067",,Sulekha
Centre Point Super Market,Supermarket,Mumbai,"Tardeo, Mumbai, 400034",,Sulekha
More for You,Supermarket,Mumbai,"Navi Mumbai, Mumbai, 410209",,Sulekha
More for You,Supermarket,Mumbai,"Panvel, Mumbai, 410206",,Sulekha
More for You,Supermarket,Mumbai,"Kharghar, Mumbai, 410210",,Sulekha
More for You,Supermarket,Mumbai,"Kopar Khairane, Mumbai, 400709",,Sulekha
More for You,Supermarket,Mumbai,"Malad West, Mumbai, 400063",,Sulekha
More Supermarket,Supermarket,Mumbai,"Andheri East, Mumbai, 400059",,Sulekha
Daksh Super Market,Supermarket,Mumbai,"Vikhroli, Mumbai, 400079",,Sulekha
Bhatiya Medical & Supermarket,Supermarket,Mumbai,"Santacruz East, Mumbai, 400043",,Sulekha
Food Right,Supermarket,Mumbai,"Mulund West, Mumbai, 400080",,Sulekha
KB's Fairprice,Supermarket,Mumbai,"Kandivali West, Mumbai, 400067",,Sulekha
Viva Supermarket,Supermarket,Mumbai,"Wadala West, Mumbai, 401403",,Sulekha
Navkar Super Market,Supermarket,Mumbai,"Dadar, Mumbai, 400028",,Sulekha
Godrej Natures Basket,Supermarket,Mumbai,"Bandra West, Mumbai, 400050",,Sulekha
My Shop SuperMarket,Supermarket,Mumbai,"Thane West, Mumbai, 400609",,Sulekha
Big Bazaar,Supermarket,Mumbai,"Andheri West, Mumbai, 400058",,Sulekha
More Supermarket,Supermarket,Mumbai,"Kandivali East, Mumbai, 400001",,Sulekha
Daksh Super Market,Supermarket,Mumbai,"Vikhroli, Mumbai, 400079",,Sulekha
Big Bazaar,Supermarket,Mumbai,"Andheri West, Mumbai, 400058",,Sulekha
More Supermarket,Supermarket,Mumbai,"Kandivali East, Mumbai, 400001",,Sulekha
More Supermarket,Supermarket,Mumbai,"Mira Bhayandar, Mumbai, 401107",,Sulekha
Godrej Nature's Basket,Supermarket,Mumbai,"Kandivali East, Mumbai, 400101",,Sulekha
Godrej Nature's Basket,Supermarket,Mumbai,"Worli, Mumbai, 400018",,Sulekha
Godrej Natures Basket,Supermarket,Mumbai,"Cuffe Parade, Mumbai, 400005",,Sulekha
Godrej Natures Basket,Supermarket,Mumbai,"Andheri West, Mumbai, 400053",,Sulekha
Supper Market,Supermarket,Mumbai,"Dadar West, Mumbai, 400028",,Sulekha
Tanisha Super Market,Supermarket,Mumbai,"S.V. Road, Mumbai, 400072",,Sulekha
Big Bazaar,Supermarket,Mumbai,"Andheri West, Mumbai, 400058",,Sulekha
More Supermarket,Supermarket,Mumbai,"Kandivali East, Mumbai, 400001",,Sulekha
More Supermarket,Supermarket,Mumbai,"Mira Bhayandar, Mumbai, 401107",,Sulekha
Shree Super Bazaar,Supermarket,Mumbai,"Thane, Mumbai, 421301",,Sulekha
More,Supermarket,Mumbai,"Thane West, Mumbai, 400607",,Sulekha
More,Supermarket,Mumbai,"Andheri East, Mumbai, 400059",,Sulekha
Remy Super Market,Supermarket,Mumbai,"Masjid Bunder, Mumbai, 400009",,Sulekha
Prakash Super Market,Supermarket,Mumbai,"Borivali West, Mumbai, 400092",,Sulekha
Willingdon Super Market,Supermarket,Mumbai,"Santacruz East, Mumbai, 400054",,Sulekha
Kalyani Supermarket,Supermarket,Mumbai,"Thane West, Mumbai, 400602",,Sulekha
Big Bazaar,Supermarket,Mumbai,"Andheri West, Mumbai, 400058",,Sulekha
More Supermarket,Supermarket,Mumbai,"Kandivali East, Mumbai, 400001",,Sulekha
More Supermarket,Supermarket,Mumbai,"Mira Bhayandar, Mumbai, 401107",,Sulekha
Big Bazaar,Supermarket,Mumbai,"Kandivali East, Mumbai, 400101",,Sulekha
Bipin Super Bazaar,Supermarket,Mumbai,"Vashi, Mumbai, 400703",,Sulekha
Jeevan Society Stores,Supermarket,Mumbai,"Khar West, Mumbai, 400052",,Sulekha
More.,Supermarket,Mumbai,"Thane West, Mumbai, 400617",,Sulekha
More,Supermarket,Mumbai,"Nalasopara West, Mumbai, 401203",,Sulekha
Paragon Departmental Store,Supermarket,Mumbai,"Thane West, Mumbai, 400602",,Sulekha
Viva Super Market,Supermarket,Mumbai,"Nalasopara East, Mumbai, 401203",,Sulekha
Food Bazaar,Supermarket,Mumbai,"Kharghar, Mumbai, 410210",,Sulekha
Big Bazaar,Supermarket,Mumbai,"Andheri West, Mumbai, 400058",,Sulekha
More Supermarket,Supermarket,Mumbai,"Kandivali East, Mumbai, 400001",,Sulekha
More Supermarket,Supermarket,Mumbai,"Mira Bhayandar, Mumbai, 401107",,Sulekha
Gala Supermarket,Supermarket,Mumbai,"Malad East, Mumbai, 400097",,Sulekha
More,Supermarket,Mumbai,"Chembur, Mumbai, 400071",,Sulekha
Lifestyle,Supermarket,Mumbai,"L.B.S. Marg, Mumbai, 400042",,Sulekha
National Display System,Supermarket,Mumbai,"Ghatkopar West, Mumbai, 400084",,Sulekha
N Mart,Supermarket,Mumbai,"Kopar Khairane, Mumbai, 400709",,Sulekha
Shivam Super Bazar,Supermarket,Mumbai,"Parel, Mumbai, 400012",,Sulekha
Food Bazaar,Supermarket,Mumbai,"Kharghar, Mumbai, 410210",,Sulekha
Big Bazaar,Supermarket,Mumbai,"Andheri West, Mumbai, 400058",,Sulekha
More Supermarket,Supermarket,Mumbai,"Kandivali East, Mumbai, 400001",,Sulekha
Magnet Hyper Market,Supermarket,Mumbai,"Matunga West, Mumbai, 400016",,Sulekha
Apna Bazar,Supermarket,Mumbai,"Andheri West, Mumbai, 400058",,Sulekha
Apna Bazar,Supermarket,Mumbai,"Turbhe, Mumbai, 400613",,Sulekha
Apna Bazar,Supermarket,Mumbai,"Naigaon East, Mumbai, 400014",,Sulekha
Daily Bazaar,Supermarket,Mumbai,"Ghansoli, Mumbai, 400701",,Sulekha
Narayan Supermarket,Supermarket,Mumbai,"Powai, Mumbai, 400076",,Sulekha
Prabhat Super Market,Supermarket,Mumbai,"Andheri East, Mumbai, 400059",,Sulekha
Food Bazaar,Supermarket,Mumbai,"Kharghar, Mumbai, 410210",,Sulekha
Big Bazaar,Supermarket,Mumbai,"Andheri West, Mumbai, 400058",,Sulekha
Ridhi Siddhi Super Market,Supermarket,Mumbai,"Thane West, Mumbai, 400602",,Sulekha
Shree Balaji Supermarket Pvt. Ltd.,Supermarket,Mumbai,"Andheri East, Mumbai, 400099",,Sulekha
Shree Chamunda Supermarket,Supermarket,Mumbai,"Kandivali East, Mumbai, 400101",,Sulekha
Khetlaji Super Market,Supermarket,Mumbai,"Kandivali East, Mumbai, 400101",,Sulekha
Neelam Supermarket,Supermarket,Mumbai,"Manpada, Mumbai, 400607",,Sulekha
Booker Wholesale,Supermarket,Mumbai,"Goregaon East, Mumbai, 400063",,Sulekha
Gomti Supermarket Pvt. Ltd.,Supermarket,Mumbai,"Kandivali East, Mumbai, 400101",,Sulekha
Kohinoor Supermarket,Supermarket,Mumbai,"Kopar Khairane, Mumbai, 400709",,Sulekha
Food Bazaar,Supermarket,Mumbai,"Kharghar, Mumbai, 410210",,Sulekha
Big Bazaar,Supermarket,Mumbai,"Andheri West, Mumbai, 400058",,Sulekha
More Supermarket,Supermarket,Mumbai,"Kandivali East, Mumbai, 400001",,Sulekha
More Supermarket,Supermarket,Mumbai,"Mira Bhayandar, Mumbai, 401107",,Sulekha
Milan Kirana Stores,Supermarket,Mumbai,"Kurla West, Mumbai, 400070",,Sulekha
Freezing Point,Supermarket,Mumbai,"Chembur, Mumbai, 400074",,Sulekha
Dharti Mata Supermarket,Supermarket,Mumbai,"Mira Road, Mumbai, 401107",,Sulekha
Viva Supermarkets Pvt. Ltd.,Supermarket,Mumbai,"Virar East, Mumbai, 401303",,Sulekha
Vasant Supermarket,Supermarket,Mumbai,"Borivali East, Mumbai, 400066",,Sulekha
Shree Ashapura Super Market,Supermarket,Mumbai,"Kandivali East, Mumbai, 400101",,Sulekha
Food Bazaar,Supermarket,Mumbai,"Kharghar, Mumbai, 410210",,Sulekha
Big Bazaar,Supermarket,Mumbai,"Andheri West, Mumbai, 400058",,Sulekha
Shree Mahalaxmi Supermarket,Supermarket,Mumbai,"Chembur, Mumbai, 400074",,Sulekha
KB Surprise,Supermarket,Mumbai,"Mumbra, Mumbai, 400612",,Sulekha
Easyday Hyper,Supermarket,Mumbai,"Bhandup West, Mumbai, 400078",,Sulekha
More,Supermarket,Mumbai,"Vashi, Mumbai, 400705",,Sulekha
Mahavir Food Mart,Supermarket,Mumbai,"Andheri West, Mumbai, 400053",,Sulekha
First Choice Supermarket,Supermarket,Mumbai,"Andheri East, Mumbai, 400093",,Sulekha
Shah Manilal Morarji & Co.,Supermarket,Mumbai,"Lower Parel, Mumbai, 40013",,Sulekha
Yashvi Supermarket,Supermarket,Mumbai,"Andheri East, Mumbai, 400059",,Sulekha
